parameter,value
historical_revenue,500
revenue_growth,"0.06,0.05,0.04,0.03,0.03"
gross_margin,0.40
opex_margin,0.20
da_pct_revenue,0.03
capex_pct_revenue,0.04
tax_rate,0.25
ar_days,45
inventory_days,30
ap_days,40
beginning_cash,80
beginning_ar,62
beginning_inventory,25
beginning_ppe,200
beginning_other_assets,20
beginning_ap,30
beginning_debt,150
beginning_other_liabilities,10
beginning_equity,197
beginning_retained_earnings,100
interest_rate,0.05
dividends_pct_net_income,0.20
share_count,10
forecast_years,5
base_year_label,2024
